State-Name,State-Abbreviation,Metro-Name,Regular,Mid-Grade,Premium,Diesel,Currency,Unit,Date
Alaska,AK,Anchorage,3.69,4.029,4.242,4.04,U.S Dollar,US Gallon,2025-08-02
Alaska,AK,Fairbanks,3.814,4.091,4.258,4.2,U.S Dollar,US Gallon,2025-08-02
Alaska,AK,Juneau,3.78,3.698,3.843,4.36,U.S Dollar,US Gallon,2025-08-02
Alabama,AL,Anniston-Oxford,2.72,3.1,3.523,3.419,U.S Dollar,US Gallon,2025-08-02
Alabama,AL,Auburn,2.778,3.179,3.602,3.385,U.S Dollar,US Gallon,2025-08-02
Alabama,AL,Birmingham,2.783,3.264,3.659,3.503,U.S Dollar,US Gallon,2025-08-02
Alabama,AL,Daphne-Fairhope-Foley,2.825,3.275,3.669,3.468,U.S Dollar,US Gallon,2025-08-02
Alabama,AL,Decatur,2.709,3.158,3.528,3.36,U.S Dollar,US Gallon,2025-08-02
Alabama,AL,Dothan,2.822,3.229,3.564,3.594,U.S Dollar,US Gallon,2025-08-02
Alabama,AL,Florence-Muscle Shoals,2.739,3.16,3.548,3.316,U.S Dollar,US Gallon,2025-08-02
Alabama,AL,Gadsden,2.667,3.122,3.535,3.378,U.S Dollar,US Gallon,2025-08-02
Alabama,AL,Huntsville,2.742,3.168,3.516,3.412,U.S Dollar,US Gallon,2025-08-02
Alabama,AL,Mobile,2.786,3.273,3.628,3.498,U.S Dollar,US Gallon,2025-08-02
Alabama,AL,Montgomery,2.818,3.283,3.71,3.5,U.S Dollar,US Gallon,2025-08-02
Alabama,AL,Russell County,2.873,3.279,3.643,3.526,U.S Dollar,US Gallon,2025-08-02
Alabama,AL,Tuscaloosa,2.756,3.17,3.599,3.428,U.S Dollar,US Gallon,2025-08-02
Arkansas,AR,Fayetteville-Springdale-Rogers,2.794,3.216,3.462,3.408,U.S Dollar,US Gallon,2025-08-02
Arkansas,AR,Fort Smith (AR only),2.746,3.127,3.516,3.387,U.S Dollar,US Gallon,2025-08-02
Arkansas,AR,Hot Springs,2.699,3.18,3.609,3.333,U.S Dollar,US Gallon,2025-08-02
Arkansas,AR,Jonesboro,2.713,3.152,3.594,3.449,U.S Dollar,US Gallon,2025-08-02
Arkansas,AR,Little Rock-North Little Rock,2.745,3.193,3.608,3.358,U.S Dollar,US Gallon,2025-08-02
Arkansas,AR,Pine Bluff,2.79,3.342,3.676,3.476,U.S Dollar,US Gallon,2025-08-02
Arkansas,AR,Texarkana (AR only),2.816,3.289,3.667,3.395,U.S Dollar,US Gallon,2025-08-02
Arkansas,AR,West Memphis,2.839,3.307,3.66,3.544,U.S Dollar,US Gallon,2025-08-02
Arizona,AZ,East Valley,3.352,3.724,4.04,3.633,U.S Dollar,US Gallon,2025-08-02
Arizona,AZ,Flagstaff,3.094,3.379,3.752,3.639,U.S Dollar,US Gallon,2025-08-02
Arizona,AZ,Glendale,3.266,3.645,3.968,3.627,U.S Dollar,US Gallon,2025-08-02
Arizona,AZ,Lake Havasu-Kingman,3.089,3.385,3.751,3.804,U.S Dollar,US Gallon,2025-08-02
Arizona,AZ,Peoria,3.289,3.665,3.974,3.648,U.S Dollar,US Gallon,2025-08-02
Arizona,AZ,Phoenix Proper,3.25,3.634,3.933,3.625,U.S Dollar,US Gallon,2025-08-02
Arizona,AZ,Phoenix-Mesa,3.288,3.663,3.975,3.648,U.S Dollar,US Gallon,2025-08-02
Arizona,AZ,Pima County,3.055,3.413,3.716,3.623,U.S Dollar,US Gallon,2025-08-02
Arizona,AZ,Prescott,3.147,3.39,3.814,3.686,U.S Dollar,US Gallon,2025-08-02
Arizona,AZ,Scottsdale,3.391,3.729,4.058,3.724,U.S Dollar,US Gallon,2025-08-02
Arizona,AZ,Sierra Vista-Douglas,3.049,3.346,3.677,3.633,U.S Dollar,US Gallon,2025-08-02
Arizona,AZ,Tucson,3.051,3.41,3.712,3.618,U.S Dollar,US Gallon,2025-08-02
Arizona,AZ,West Valley,3.258,3.637,3.953,3.616,U.S Dollar,US Gallon,2025-08-02
Arizona,AZ,Yuma,3.041,3.44,3.75,3.615,U.S Dollar,US Gallon,2025-08-02
California,CA,Bakersfield,4.451,4.718,4.94,5.16,U.S Dollar,US Gallon,2025-08-02
California,CA,Chico-Paradise,4.483,4.677,4.897,5.052,U.S Dollar,US Gallon,2025-08-02
California,CA,El Centro,4.241,4.402,4.599,4.921,U.S Dollar,US Gallon,2025-08-02
California,CA,Fresno,4.567,4.808,5.025,5.212,U.S Dollar,US Gallon,2025-08-02
California,CA,Hanford-Corcoran,4.361,4.498,4.82,4.998,U.S Dollar,US Gallon,2025-08-02
California,CA,Los Angeles-Long Beach,4.465,4.702,4.859,5.155,U.S Dollar,US Gallon,2025-08-02
California,CA,Madera-Chowchilla,4.572,4.821,5.025,5.238,U.S Dollar,US Gallon,2025-08-02
California,CA,Merced,4.416,4.768,4.964,5.206,U.S Dollar,US Gallon,2025-08-02
California,CA,Modesto,4.295,4.567,4.765,5.241,U.S Dollar,US Gallon,2025-08-02
California,CA,Napa,4.815,4.985,5.179,5.363,U.S Dollar,US Gallon,2025-08-02
California,CA,Oakland,4.569,4.821,4.997,5.308,U.S Dollar,US Gallon,2025-08-02
California,CA,Orange County,4.412,4.642,4.788,5.028,U.S Dollar,US Gallon,2025-08-02
California,CA,Redding,4.366,4.507,4.638,4.996,U.S Dollar,US Gallon,2025-08-02
California,CA,Riverside,4.312,4.567,4.734,5.062,U.S Dollar,US Gallon,2025-08-02
California,CA,Sacramento,4.496,4.765,4.974,5.279,U.S Dollar,US Gallon,2025-08-02
California,CA,Salinas,4.741,4.927,5.131,5.481,U.S Dollar,US Gallon,2025-08-02
California,CA,San Bernardino,4.354,4.572,4.763,5.099,U.S Dollar,US Gallon,2025-08-02
California,CA,San Diego,4.547,4.777,4.941,5.026,U.S Dollar,US Gallon,2025-08-02
California,CA,San Francisco,4.677,4.872,5.063,5.358,U.S Dollar,US Gallon,2025-08-02
California,CA,San Jose,4.523,4.753,4.923,5.228,U.S Dollar,US Gallon,2025-08-02
California,CA,San Luis Obispo-Atascadero-Paso Robles,4.857,5.07,5.253,5.479,U.S Dollar,US Gallon,2025-08-02
California,CA,San Rafael,4.705,4.899,5.112,5.41,U.S Dollar,US Gallon,2025-08-02
California,CA,Santa Barbara-Santa Maria-Lompoc,4.457,4.632,4.79,5.133,U.S Dollar,US Gallon,2025-08-02
California,CA,Santa Cruz-Watsonville,4.626,4.866,5.059,5.326,U.S Dollar,US Gallon,2025-08-02
California,CA,Santa Rosa,4.775,4.977,5.163,5.426,U.S Dollar,US Gallon,2025-08-02
California,CA,Stockton-Lodi,4.391,4.665,4.881,5.215,U.S Dollar,US Gallon,2025-08-02
California,CA,Vallejo-Fairfield,4.528,4.803,4.983,5.253,U.S Dollar,US Gallon,2025-08-02
California,CA,Ventura,4.509,4.733,4.897,5.19,U.S Dollar,US Gallon,2025-08-02
California,CA,Visalia-Tulare-Porterville,4.475,4.758,4.94,5.116,U.S Dollar,US Gallon,2025-08-02
California,CA,Yolo,4.438,4.761,4.986,5.199,U.S Dollar,US Gallon,2025-08-02
California,CA,Yuba City,4.314,4.534,4.753,5.076,U.S Dollar,US Gallon,2025-08-02
Colorado,CO,Boulder-Longmont,3.078,3.504,3.846,3.519,U.S Dollar,US Gallon,2025-08-02
Colorado,CO,Colorado Springs,2.829,3.231,3.557,3.419,U.S Dollar,US Gallon,2025-08-02
Colorado,CO,Denver,2.932,3.349,3.669,3.436,U.S Dollar,US Gallon,2025-08-02
Colorado,CO,Durango,3.021,3.297,3.647,3.584,U.S Dollar,US Gallon,2025-08-02
Colorado,CO,Fort Collins-Loveland,2.896,3.298,3.586,3.37,U.S Dollar,US Gallon,2025-08-02
Colorado,CO,Glenwood Springs,3.298,3.767,3.902,3.755,U.S Dollar,US Gallon,2025-08-02
Colorado,CO,Grand Junction (CO only),3.162,3.488,3.839,3.688,U.S Dollar,US Gallon,2025-08-02
Colorado,CO,Greeley,2.829,3.215,3.551,3.409,U.S Dollar,US Gallon,2025-08-02
Colorado,CO,Pueblo,2.866,3.243,3.566,3.379,U.S Dollar,US Gallon,2025-08-02
Colorado,CO,Vail,3.345,3.627,3.927,3.72,U.S Dollar,US Gallon,2025-08-02
Connecticut,CT,Bridgeport,3.194,3.815,4.181,3.833,U.S Dollar,US Gallon,2025-08-02
Connecticut,CT,Hartford,3.103,3.702,4.082,3.825,U.S Dollar,US Gallon,2025-08-02
Connecticut,CT,Lower Fairfield County,3.159,3.766,4.144,3.815,U.S Dollar,US Gallon,2025-08-02
Connecticut,CT,New Haven-Meriden,3.089,3.662,4.028,3.791,U.S Dollar,US Gallon,2025-08-02
Connecticut,CT,New London-Norwich (CT only),3.114,3.629,4.001,3.732,U.S Dollar,US Gallon,2025-08-02
Connecticut,CT,Windham,3.146,3.586,3.977,3.765,U.S Dollar,US Gallon,2025-08-02
District of Columbia,DC,Washington (DC only),3.33,3.815,4.233,3.83,U.S Dollar,US Gallon,2025-08-02
District of Columbia,DC,Washington (Entire Metro Average),3.182,3.717,4.072,3.809,U.S Dollar,US Gallon,2025-08-02
Delaware,DE,Dover,3.169,3.622,3.976,3.856,U.S Dollar,US Gallon,2025-08-02
Delaware,DE,Milford-Seaford,3.173,3.584,3.951,3.842,U.S Dollar,US Gallon,2025-08-02
Delaware,DE,Wilmington-Newark (DE only),3.149,3.807,4.045,3.842,U.S Dollar,US Gallon,2025-08-02
Florida,FL,Bradenton-Sarasota-Venice,2.899,3.36,3.677,3.599,U.S Dollar,US Gallon,2025-08-02
Florida,FL,Crestview-Fort Walton Beach,2.872,3.309,3.701,3.525,U.S Dollar,US Gallon,2025-08-02
Florida,FL,Daytona Beach,2.946,3.341,3.682,3.583,U.S Dollar,US Gallon,2025-08-02
Florida,FL,Fort Lauderdale,2.964,3.458,3.748,3.538,U.S Dollar,US Gallon,2025-08-02
Florida,FL,Fort Myers-Cape Coral,2.938,3.398,3.68,3.555,U.S Dollar,US Gallon,2025-08-02
Florida,FL,Gainesville,3.071,3.515,3.848,3.638,U.S Dollar,US Gallon,2025-08-02
Florida,FL,Homosassa Springs,2.975,3.367,3.674,3.624,U.S Dollar,US Gallon,2025-08-02
Florida,FL,Jacksonville,2.921,3.356,3.727,3.59,U.S Dollar,US Gallon,2025-08-02
Florida,FL,Lakeland-Winter Haven,2.993,3.407,3.725,3.615,U.S Dollar,US Gallon,2025-08-02
Florida,FL,Melbourne-Titusville,2.899,3.359,3.691,3.632,U.S Dollar,US Gallon,2025-08-02
Florida,FL,Miami,2.951,3.434,3.641,3.491,U.S Dollar,US Gallon,2025-08-02
Florida,FL,Naples,3.028,3.474,3.793,3.642,U.S Dollar,US Gallon,2025-08-02
Florida,FL,Ocala,3.043,3.445,3.828,3.67,U.S Dollar,US Gallon,2025-08-02
Florida,FL,Orlando,2.93,3.339,3.657,3.589,U.S Dollar,US Gallon,2025-08-02
Florida,FL,Panama City,2.889,3.335,3.687,3.55,U.S Dollar,US Gallon,2025-08-02
Florida,FL,Pensacola,2.901,3.36,3.741,3.535,U.S Dollar,US Gallon,2025-08-02
Florida,FL,Port St. Lucie,2.972,3.402,3.735,3.612,U.S Dollar,US Gallon,2025-08-02
Florida,FL,Punta Gorda,2.894,3.337,3.657,3.564,U.S Dollar,US Gallon,2025-08-02
Florida,FL,Sebastian-Vero Beach,3.004,3.474,3.79,3.636,U.S Dollar,US Gallon,2025-08-02
Florida,FL,Sebring,2.994,3.387,3.734,3.552,U.S Dollar,US Gallon,2025-08-02
Florida,FL,Tallahassee,2.963,3.406,3.809,3.642,U.S Dollar,US Gallon,2025-08-02
Florida,FL,Tampa-St. Petersburg-Clearwater,2.968,3.429,3.756,3.618,U.S Dollar,US Gallon,2025-08-02
Florida,FL,The Villages,3.001,3.412,3.802,3.631,U.S Dollar,US Gallon,2025-08-02
Florida,FL,West Palm Beach-Boca Raton,3.12,3.581,3.915,3.66,U.S Dollar,US Gallon,2025-08-02
Georgia,GA,Albany,2.882,3.278,3.709,3.565,U.S Dollar,US Gallon,2025-08-02
Georgia,GA,Athens,2.908,3.331,3.766,3.544,U.S Dollar,US Gallon,2025-08-02
Georgia,GA,Atlanta,2.933,3.41,3.824,3.615,U.S Dollar,US Gallon,2025-08-02
Georgia,GA,Augusta-Aiken (GA only),2.907,3.387,3.781,3.512,U.S Dollar,US Gallon,2025-08-02
Georgia,GA,Brunswick,2.948,3.403,3.759,3.676,U.S Dollar,US Gallon,2025-08-02
Georgia,GA,Catoosa-Dade-Walker,2.801,3.313,3.677,3.446,U.S Dollar,US Gallon,2025-08-02
Georgia,GA,Columbus (GA only),2.906,3.313,3.738,3.592,U.S Dollar,US Gallon,2025-08-02
Georgia,GA,Dalton,2.833,3.287,3.623,3.54,U.S Dollar,US Gallon,2025-08-02
Georgia,GA,Gainesville,2.908,3.379,3.783,3.601,U.S Dollar,US Gallon,2025-08-02
Georgia,GA,Hinesville-Fort Stewart,2.94,3.377,3.744,3.678,U.S Dollar,US Gallon,2025-08-02
Georgia,GA,Macon,2.92,3.333,3.759,3.611,U.S Dollar,US Gallon,2025-08-02
Georgia,GA,Rome,2.832,3.333,3.716,3.497,U.S Dollar,US Gallon,2025-08-02
Georgia,GA,Savannah,3.012,3.446,3.837,3.659,U.S Dollar,US Gallon,2025-08-02
Georgia,GA,Valdosta,2.873,3.293,3.678,3.565,U.S Dollar,US Gallon,2025-08-02
Georgia,GA,Warner Robins,2.829,3.231,3.615,3.527,U.S Dollar,US Gallon,2025-08-02
Hawaii,HI,Hilo,4.668,4.916,5.229,5.222,U.S Dollar,US Gallon,2025-08-02
Hawaii,HI,Honolulu,4.38,4.64,4.903,5.21,U.S Dollar,US Gallon,2025-08-02
Hawaii,HI,Kahului,4.5,4.729,4.801,5.303,U.S Dollar,US Gallon,2025-08-02
Hawaii,HI,Lihue (Kauai),5.018,5.313,5.528,5.625,U.S Dollar,US Gallon,2025-08-02
Hawaii,HI,Wailuku,4.5,4.729,4.801,5.303,U.S Dollar,US Gallon,2025-08-02
Iowa,IA,Ames,3.119,3.428,3.777,3.596,U.S Dollar,US Gallon,2025-08-02
Iowa,IA,Cedar Rapids,3.103,3.34,3.967,3.646,U.S Dollar,US Gallon,2025-08-02
Iowa,IA,Council Bluffs,2.829,3.154,3.659,3.539,U.S Dollar,US Gallon,2025-08-02
Iowa,IA,Davenport-Moline-Rock Island (IA only),2.855,3.177,3.8,3.663,U.S Dollar,US Gallon,2025-08-02
Iowa,IA,Des Moines,3.003,3.328,3.725,3.616,U.S Dollar,US Gallon,2025-08-02
Iowa,IA,Dubuque,3.07,3.322,3.942,3.599,U.S Dollar,US Gallon,2025-08-02
Iowa,IA,Iowa City,3.077,3.354,3.854,3.624,U.S Dollar,US Gallon,2025-08-02
Iowa,IA,Sioux City (IA only),2.954,3.207,3.76,3.548,U.S Dollar,US Gallon,2025-08-02
Iowa,IA,Waterloo-Cedar Falls,3.115,3.435,4.037,3.689,U.S Dollar,US Gallon,2025-08-02
Idaho,ID,Boise City,3.531,3.748,3.983,3.987,U.S Dollar,US Gallon,2025-08-02
Idaho,ID,Coeur D'Alene,3.339,3.632,3.926,4.02,U.S Dollar,US Gallon,2025-08-02
Idaho,ID,Franklin,3.317,3.605,3.891,3.736,U.S Dollar,US Gallon,2025-08-02
Idaho,ID,Idaho Falls,3.418,3.719,3.998,3.829,U.S Dollar,US Gallon,2025-08-02
Idaho,ID,Lewiston,3.287,3.566,3.853,4.069,U.S Dollar,US Gallon,2025-08-02
Idaho,ID,Pocatello,3.436,3.809,4.035,3.843,U.S Dollar,US Gallon,2025-08-02
Idaho,ID,Twin Falls,3.491,3.806,4.083,3.968,U.S Dollar,US Gallon,2025-08-02
Illinois,IL,Alexander County,3.499,0.0,4.899,0.0,U.S Dollar,US Gallon,2025-08-02
Illinois,IL,Bloomington-Normal,3.315,3.844,4.245,3.753,U.S Dollar,US Gallon,2025-08-02
Illinois,IL,Carbondale-Marion,3.267,3.77,4.147,3.817,U.S Dollar,US Gallon,2025-08-02
Illinois,IL,Champaign-Urbana,3.342,3.928,4.274,3.68,U.S Dollar,US Gallon,2025-08-02
Illinois,IL,Chicago Metro,3.619,4.203,4.707,3.875,U.S Dollar,US Gallon,2025-08-02
Illinois,IL,City of Chicago,3.816,4.42,4.929,4.09,U.S Dollar,US Gallon,2025-08-02
Illinois,IL,Danville,3.314,3.835,4.285,3.832,U.S Dollar,US Gallon,2025-08-02
Illinois,IL,Davenport-Moline-Rock Island (IL only),3.287,3.737,4.243,3.8,U.S Dollar,US Gallon,2025-08-02
Illinois,IL,Decatur,3.233,3.785,4.174,3.671,U.S Dollar,US Gallon,2025-08-02
Illinois,IL,East Saint Louis,3.306,3.789,4.134,3.755,U.S Dollar,US Gallon,2025-08-02
Illinois,IL,Elgin,3.476,4.07,4.547,3.786,U.S Dollar,US Gallon,2025-08-02
Illinois,IL,Kankakee-Bradley,3.372,3.991,4.377,3.802,U.S Dollar,US Gallon,2025-08-02
Illinois,IL,Lake County,3.539,4.124,4.625,3.713,U.S Dollar,US Gallon,2025-08-02
Illinois,IL,Peoria-Pekin,3.321,3.855,4.296,3.717,U.S Dollar,US Gallon,2025-08-02
Illinois,IL,Quincy,3.227,3.62,4.0,3.616,U.S Dollar,US Gallon,2025-08-02
Illinois,IL,Rockford,3.253,3.819,4.298,3.741,U.S Dollar,US Gallon,2025-08-02
Illinois,IL,Springfield,3.263,3.836,4.336,3.694,U.S Dollar,US Gallon,2025-08-02
Indiana,IN,Bloomington,3.37,3.905,4.388,3.947,U.S Dollar,US Gallon,2025-08-02
Indiana,IN,Clarksville,3.119,3.606,4.058,3.767,U.S Dollar,US Gallon,2025-08-02
Indiana,IN,Columbus,3.296,3.812,4.308,3.857,U.S Dollar,US Gallon,2025-08-02
Indiana,IN,Dearborn-Franklin-Ohio-Union,3.123,3.613,4.136,3.737,U.S Dollar,US Gallon,2025-08-02
Indiana,IN,Elkhart,3.311,3.824,4.343,3.847,U.S Dollar,US Gallon,2025-08-02
Indiana,IN,Evansville,2.918,3.398,3.837,3.732,U.S Dollar,US Gallon,2025-08-02
Indiana,IN,Fort Wayne,3.343,3.863,4.4,3.883,U.S Dollar,US Gallon,2025-08-02
Indiana,IN,Gary,3.213,3.722,4.232,3.901,U.S Dollar,US Gallon,2025-08-02
Indiana,IN,Indianapolis,3.288,3.841,4.355,3.87,U.S Dollar,US Gallon,2025-08-02
Indiana,IN,Kokomo,3.277,3.827,4.322,3.884,U.S Dollar,US Gallon,2025-08-02
Indiana,IN,Lafayette,3.201,3.734,4.2,3.772,U.S Dollar,US Gallon,2025-08-02
Indiana,IN,Michigan City-La Porte,3.215,3.755,4.269,3.909,U.S Dollar,US Gallon,2025-08-02
Indiana,IN,Muncie,3.218,3.718,4.233,3.858,U.S Dollar,US Gallon,2025-08-02
Indiana,IN,South Bend,3.323,3.85,4.355,3.865,U.S Dollar,US Gallon,2025-08-02
Indiana,IN,Terre Haute,3.282,3.822,4.299,3.895,U.S Dollar,US Gallon,2025-08-02
Kansas,KS,Kansas City (KS only),2.879,3.222,3.557,3.529,U.S Dollar,US Gallon,2025-08-02
Kansas,KS,Lawrence,2.905,3.221,3.711,3.569,U.S Dollar,US Gallon,2025-08-02
Kansas,KS,Manhattan,2.904,3.312,3.67,3.439,U.S Dollar,US Gallon,2025-08-02
Kansas,KS,Topeka,2.824,3.172,3.531,3.451,U.S Dollar,US Gallon,2025-08-02
Kansas,KS,Wichita,2.905,3.165,3.399,3.46,U.S Dollar,US Gallon,2025-08-02
Kentucky,KY,Bowling Green,2.784,3.274,3.676,3.372,U.S Dollar,US Gallon,2025-08-02
Kentucky,KY,Covington,2.978,3.548,3.962,3.49,U.S Dollar,US Gallon,2025-08-02
Kentucky,KY,Elizabethtown-Fort Knox,2.775,3.312,3.8,3.342,U.S Dollar,US Gallon,2025-08-02
Kentucky,KY,Henderson,2.633,3.123,3.548,3.242,U.S Dollar,US Gallon,2025-08-02
Kentucky,KY,Hopkinsville,2.78,3.253,3.567,3.582,U.S Dollar,US Gallon,2025-08-02
Kentucky,KY,Huntington-Ashland (KY only),2.899,3.458,3.917,3.447,U.S Dollar,US Gallon,2025-08-02
Kentucky,KY,Lexington,2.865,3.449,3.812,3.477,U.S Dollar,US Gallon,2025-08-02
Kentucky,KY,Louisville (KY only),2.983,3.566,3.968,3.426,U.S Dollar,US Gallon,2025-08-02
Kentucky,KY,Owensboro,2.684,3.311,3.755,3.412,U.S Dollar,US Gallon,2025-08-02
Louisiana,LA,Alexandria,2.758,3.199,3.598,3.441,U.S Dollar,US Gallon,2025-08-02
Louisiana,LA,Baton Rouge,2.761,3.217,3.585,3.377,U.S Dollar,US Gallon,2025-08-02
Louisiana,LA,Hammond,2.775,3.174,3.549,3.389,U.S Dollar,US Gallon,2025-08-02
Louisiana,LA,Houma-Thibodaux,2.777,3.219,3.553,3.247,U.S Dollar,US Gallon,2025-08-02
Louisiana,LA,Lafayette,2.767,3.158,3.564,3.348,U.S Dollar,US Gallon,2025-08-02
Louisiana,LA,Lake Charles,2.798,3.255,3.656,3.282,U.S Dollar,US Gallon,2025-08-02
Louisiana,LA,Monroe,2.703,3.113,3.52,3.375,U.S Dollar,US Gallon,2025-08-02
Louisiana,LA,New Orleans,2.792,3.309,3.689,3.379,U.S Dollar,US Gallon,2025-08-02
Louisiana,LA,Shreveport-Bossier City,2.742,3.159,3.5,3.403,U.S Dollar,US Gallon,2025-08-02
Massachusetts,MA,Barnstable-Yarmouth,3.106,3.705,4.084,3.921,U.S Dollar,US Gallon,2025-08-02
Massachusetts,MA,Boston (MA only),3.072,3.723,4.085,3.863,U.S Dollar,US Gallon,2025-08-02
Massachusetts,MA,Cambridge-Newton-Framingham,3.114,3.72,4.082,3.891,U.S Dollar,US Gallon,2025-08-02
Massachusetts,MA,Pittsfield,3.044,3.687,4.009,3.888,U.S Dollar,US Gallon,2025-08-02
Massachusetts,MA,Seekonk,2.956,3.576,3.93,3.709,U.S Dollar,US Gallon,2025-08-02
Massachusetts,MA,Springfield,2.988,3.549,3.91,3.792,U.S Dollar,US Gallon,2025-08-02
Massachusetts,MA,Worcester,3.052,3.669,4.032,3.843,U.S Dollar,US Gallon,2025-08-02
Maryland,MD,Annapolis,3.18,3.806,4.092,3.847,U.S Dollar,US Gallon,2025-08-02
Maryland,MD,Baltimore,3.186,3.72,4.027,3.854,U.S Dollar,US Gallon,2025-08-02
Maryland,MD,Bowie-St. Charles,3.188,3.942,4.187,3.867,U.S Dollar,US Gallon,2025-08-02
Maryland,MD,Cumberland (MD Only),3.223,3.629,4.04,3.75,U.S Dollar,US Gallon,2025-08-02
Maryland,MD,Frederick,3.138,3.573,3.921,3.826,U.S Dollar,US Gallon,2025-08-02
Maryland,MD,Hagerstown,3.079,3.509,3.912,3.769,U.S Dollar,US Gallon,2025-08-02
Maryland,MD,Salisbury,3.173,3.603,3.971,3.865,U.S Dollar,US Gallon,2025-08-02
Maryland,MD,Washington (MD only),3.219,3.817,4.15,3.868,U.S Dollar,US Gallon,2025-08-02
Maine,ME,Bangor,3.135,3.644,4.154,3.856,U.S Dollar,US Gallon,2025-08-02
Maine,ME,Lewiston-Auburn,3.092,3.641,4.09,4.028,U.S Dollar,US Gallon,2025-08-02
Maine,ME,Portland,3.09,3.607,4.085,3.962,U.S Dollar,US Gallon,2025-08-02
Michigan,MI,Ann Arbor,3.236,3.814,4.375,3.745,U.S Dollar,US Gallon,2025-08-02
Michigan,MI,Benton Harbor,3.08,3.6,4.168,3.703,U.S Dollar,US Gallon,2025-08-02
Michigan,MI,Flint,3.075,3.656,4.19,3.737,U.S Dollar,US Gallon,2025-08-02
Michigan,MI,Grand Rapids-Muskegon-Holland,3.112,3.68,4.208,3.696,U.S Dollar,US Gallon,2025-08-02
Michigan,MI,Jackson,3.119,3.69,4.224,3.717,U.S Dollar,US Gallon,2025-08-02
Michigan,MI,Lansing-East Lansing,3.063,3.633,4.169,3.773,U.S Dollar,US Gallon,2025-08-02
Michigan,MI,Marquette,3.057,3.652,4.155,3.609,U.S Dollar,US Gallon,2025-08-02
Michigan,MI,Metro Detroit,3.196,3.792,4.389,3.741,U.S Dollar,US Gallon,2025-08-02
Michigan,MI,Saginaw-Bay City-Midland,3.046,3.58,4.147,3.727,U.S Dollar,US Gallon,2025-08-02
Michigan,MI,Traverse City,3.143,3.675,4.209,3.586,U.S Dollar,US Gallon,2025-08-02
Minnesota,MN,Duluth-Superior (MN only),2.969,3.443,3.847,3.694,U.S Dollar,US Gallon,2025-08-02
Minnesota,MN,Houston County,3.015,0.0,4.009,3.611,U.S Dollar,US Gallon,2025-08-02
Minnesota,MN,Mankato,3.079,3.448,3.903,3.671,U.S Dollar,US Gallon,2025-08-02
Minnesota,MN,Minneapolis-St. Paul (MN only),3.087,3.495,3.909,3.677,U.S Dollar,US Gallon,2025-08-02
Minnesota,MN,Moorhead,2.782,3.056,3.431,3.546,U.S Dollar,US Gallon,2025-08-02
Minnesota,MN,Polk County,2.843,2.968,3.544,3.474,U.S Dollar,US Gallon,2025-08-02
Minnesota,MN,Rochester,3.046,3.465,3.976,3.505,U.S Dollar,US Gallon,2025-08-02
Minnesota,MN,St. Cloud,3.009,3.432,3.915,3.568,U.S Dollar,US Gallon,2025-08-02
Missouri,MO,Cape Girardeau,2.823,3.205,3.586,3.467,U.S Dollar,US Gallon,2025-08-02
Missouri,MO,Columbia,2.965,3.244,3.555,3.531,U.S Dollar,US Gallon,2025-08-02
Missouri,MO,Jefferson City,2.894,3.196,3.539,3.451,U.S Dollar,US Gallon,2025-08-02
Missouri,MO,Joplin,2.668,3.033,3.351,3.411,U.S Dollar,US Gallon,2025-08-02
Missouri,MO,Kansas City (MO only),2.883,3.209,3.532,3.535,U.S Dollar,US Gallon,2025-08-02
Missouri,MO,Springfield,2.712,3.047,3.386,3.414,U.S Dollar,US Gallon,2025-08-02
Missouri,MO,St. Joseph,2.79,3.157,3.416,3.421,U.S Dollar,US Gallon,2025-08-02
Missouri,MO,St. Louis (MO only),2.934,3.294,3.6,3.496,U.S Dollar,US Gallon,2025-08-02
Mississippi,MS,Biloxi-Gulfport-Pascagoula,2.684,3.098,3.453,3.307,U.S Dollar,US Gallon,2025-08-02
Mississippi,MS,Hattiesburg,2.67,3.124,3.477,3.228,U.S Dollar,US Gallon,2025-08-02
Mississippi,MS,Jackson,2.721,3.155,3.526,3.281,U.S Dollar,US Gallon,2025-08-02
Mississippi,MS,South Haven - Olive Branch,2.69,3.202,3.612,3.409,U.S Dollar,US Gallon,2025-08-02
Montana,MT,Billings,3.168,3.516,3.861,3.628,U.S Dollar,US Gallon,2025-08-02
Montana,MT,Great Falls,3.25,3.566,3.861,3.66,U.S Dollar,US Gallon,2025-08-02
Montana,MT,Missoula,3.29,3.604,3.886,3.69,U.S Dollar,US Gallon,2025-08-02
North Carolina,NC,Asheville,2.879,3.328,3.704,3.547,U.S Dollar,US Gallon,2025-08-02
North Carolina,NC,Burlington,2.908,3.377,3.79,3.574,U.S Dollar,US Gallon,2025-08-02
North Carolina,NC,Charlotte-Gastonia-Rock Hill (NC only),2.898,3.375,3.728,3.545,U.S Dollar,US Gallon,2025-08-02
North Carolina,NC,Durham-Chapel Hill,2.947,3.393,3.76,3.618,U.S Dollar,US Gallon,2025-08-02
North Carolina,NC,Fayetteville,2.8,3.246,3.691,3.539,U.S Dollar,US Gallon,2025-08-02
North Carolina,NC,Goldsboro,2.851,3.343,3.743,3.522,U.S Dollar,US Gallon,2025-08-02
North Carolina,NC,Greensboro,2.893,3.354,3.753,3.545,U.S Dollar,US Gallon,2025-08-02
North Carolina,NC,Hickory-Lenoir-Morganton,2.825,3.265,3.65,3.423,U.S Dollar,US Gallon,2025-08-02
North Carolina,NC,Jacksonville,2.841,3.289,3.697,3.564,U.S Dollar,US Gallon,2025-08-02
North Carolina,NC,New Bern,2.898,3.309,3.692,3.61,U.S Dollar,US Gallon,2025-08-02
North Carolina,NC,Norfolk-Virginia Beach-Newport News,3.035,3.327,3.857,3.54,U.S Dollar,US Gallon,2025-08-02
North Carolina,NC,Raleigh,2.905,3.348,3.722,3.618,U.S Dollar,US Gallon,2025-08-02
North Carolina,NC,Rocky Mount,2.868,3.327,3.697,3.573,U.S Dollar,US Gallon,2025-08-02
North Carolina,NC,Wilmington,2.895,3.383,3.772,3.525,U.S Dollar,US Gallon,2025-08-02
North Carolina,NC,Winston-Salem,2.903,3.374,3.744,3.531,U.S Dollar,US Gallon,2025-08-02
North Dakota,ND,Bismarck,3.008,3.295,3.705,3.384,U.S Dollar,US Gallon,2025-08-02
North Dakota,ND,Fargo-Moorhead (ND only),2.756,3.149,3.526,3.478,U.S Dollar,US Gallon,2025-08-02
North Dakota,ND,Grand Forks (ND only),2.778,3.079,3.423,3.535,U.S Dollar,US Gallon,2025-08-02
North Dakota,ND,Minot,2.99,3.271,3.61,3.44,U.S Dollar,US Gallon,2025-08-02
Nebraska,NE,Columbus,3.019,3.068,3.233,3.57,U.S Dollar,US Gallon,2025-08-02
Nebraska,NE,Grand Island,2.919,3.078,3.519,3.513,U.S Dollar,US Gallon,2025-08-02
Nebraska,NE,Kearney,2.955,3.375,3.682,3.438,U.S Dollar,US Gallon,2025-08-02
Nebraska,NE,Lincoln,2.993,3.208,3.83,3.452,U.S Dollar,US Gallon,2025-08-02
Nebraska,NE,Norfolk,2.831,3.194,3.715,3.383,U.S Dollar,US Gallon,2025-08-02
Nebraska,NE,North Platte,3.151,3.263,3.594,3.444,U.S Dollar,US Gallon,2025-08-02
Nebraska,NE,Omaha (NE only),2.842,3.153,3.673,3.489,U.S Dollar,US Gallon,2025-08-02
New Hampshire,NH,Manchester,2.994,3.607,4.028,3.839,U.S Dollar,US Gallon,2025-08-02
New Hampshire,NH,Portsmouth-Rochester (NH only),3.017,3.559,3.983,3.813,U.S Dollar,US Gallon,2025-08-02
New Jersey,NJ,Atlantic City,3.046,3.561,3.756,3.686,U.S Dollar,US Gallon,2025-08-02
New Jersey,NJ,Bergen-Passaic,3.071,3.666,3.919,3.708,U.S Dollar,US Gallon,2025-08-02
New Jersey,NJ,Cape May,3.227,3.65,3.905,3.785,U.S Dollar,US Gallon,2025-08-02
New Jersey,NJ,Middlesex-Somerset-Hunterdon,3.101,3.655,3.932,3.696,U.S Dollar,US Gallon,2025-08-02
New Jersey,NJ,Monmouth-Ocean,3.124,3.667,3.874,3.754,U.S Dollar,US Gallon,2025-08-02
New Jersey,NJ,Newark,3.127,3.773,4.059,3.77,U.S Dollar,US Gallon,2025-08-02
New Jersey,NJ,Parsippany-Troy Hills,3.084,3.62,3.871,3.714,U.S Dollar,US Gallon,2025-08-02
New Jersey,NJ,Philadelphia (NJ Only),3.023,3.534,3.727,3.688,U.S Dollar,US Gallon,2025-08-02
New Jersey,NJ,Trenton,3.053,3.614,3.916,3.753,U.S Dollar,US Gallon,2025-08-02
New Jersey,NJ,Vineland,3.029,3.518,3.707,3.668,U.S Dollar,US Gallon,2025-08-02
New Jersey,NJ,Warren County,3.05,3.548,3.934,3.697,U.S Dollar,US Gallon,2025-08-02
New Mexico,NM,Albuquerque,3.006,3.444,3.751,3.479,U.S Dollar,US Gallon,2025-08-02
New Mexico,NM,Farmington,2.95,3.278,3.555,3.649,U.S Dollar,US Gallon,2025-08-02
New Mexico,NM,Las Cruces,2.922,3.408,3.698,3.482,U.S Dollar,US Gallon,2025-08-02
New Mexico,NM,Santa Fe,2.858,3.261,3.556,3.586,U.S Dollar,US Gallon,2025-08-02
Nevada,NV,Las Vegas (NV only),3.722,4.062,4.337,3.928,U.S Dollar,US Gallon,2025-08-02
Nevada,NV,Reno,3.984,4.201,4.405,4.22,U.S Dollar,US Gallon,2025-08-02
New York,NY,Albany-Schenectady-Troy,3.099,3.647,4.082,3.767,U.S Dollar,US Gallon,2025-08-02
New York,NY,Batavia,3.209,3.759,4.15,4.063,U.S Dollar,US Gallon,2025-08-02
New York,NY,Binghamton,3.173,3.624,4.019,3.939,U.S Dollar,US Gallon,2025-08-02
New York,NY,Buffalo-Niagara Falls,3.172,3.644,4.031,3.92,U.S Dollar,US Gallon,2025-08-02
New York,NY,Dutchess-Putnam County,3.201,3.735,4.154,3.785,U.S Dollar,US Gallon,2025-08-02
New York,NY,Elmira,3.03,3.432,3.812,3.667,U.S Dollar,US Gallon,2025-08-02
New York,NY,Glens Falls,3.167,3.685,4.138,3.829,U.S Dollar,US Gallon,2025-08-02
New York,NY,Ithaca,3.168,3.647,4.042,3.865,U.S Dollar,US Gallon,2025-08-02
New York,NY,Kingston,3.116,3.64,4.017,3.713,U.S Dollar,US Gallon,2025-08-02
New York,NY,Nassau-Suffolk,3.117,3.639,3.971,3.911,U.S Dollar,US Gallon,2025-08-02
New York,NY,New York,3.201,3.706,4.056,4.159,U.S Dollar,US Gallon,2025-08-02
New York,NY,Rochester,3.169,3.63,4.001,3.978,U.S Dollar,US Gallon,2025-08-02
New York,NY,Syracuse,3.105,3.596,4.026,3.848,U.S Dollar,US Gallon,2025-08-02
New York,NY,Utica-Rome,3.191,3.674,4.101,3.857,U.S Dollar,US Gallon,2025-08-02
New York,NY,Watertown-Fort Drum,3.17,3.627,4.035,3.908,U.S Dollar,US Gallon,2025-08-02
New York,NY,White Plains,3.272,3.934,4.278,4.03,U.S Dollar,US Gallon,2025-08-02
Ohio,OH,Akron,3.198,3.704,4.208,3.584,U.S Dollar,US Gallon,2025-08-02
Ohio,OH,Belmont County,3.083,3.682,4.12,3.759,U.S Dollar,US Gallon,2025-08-02
Ohio,OH,Canton-Massillon,3.217,3.72,4.21,3.666,U.S Dollar,US Gallon,2025-08-02
Ohio,OH,Cincinnati (OH only),3.106,3.633,4.15,3.678,U.S Dollar,US Gallon,2025-08-02
Ohio,OH,Cleveland-Lorain-Elyria,3.161,3.702,4.251,3.675,U.S Dollar,US Gallon,2025-08-02
Ohio,OH,Columbus,3.192,3.686,4.2,3.665,U.S Dollar,US Gallon,2025-08-02
Ohio,OH,Dayton,3.016,3.569,4.075,3.643,U.S Dollar,US Gallon,2025-08-02
Ohio,OH,Lawerence County,3.13,3.612,4.247,3.628,U.S Dollar,US Gallon,2025-08-02
Ohio,OH,Lima,3.039,3.595,4.152,3.584,U.S Dollar,US Gallon,2025-08-02
Ohio,OH,Mansfield,3.15,3.723,4.208,3.765,U.S Dollar,US Gallon,2025-08-02
Ohio,OH,Springfield,2.955,3.424,3.948,3.645,U.S Dollar,US Gallon,2025-08-02
Ohio,OH,Steubenville-Weirton (OH only),3.136,3.672,4.105,3.756,U.S Dollar,US Gallon,2025-08-02
Ohio,OH,Toledo,3.026,3.563,4.048,3.624,U.S Dollar,US Gallon,2025-08-02
Ohio,OH,Youngstown-Warren,3.109,3.65,4.16,3.688,U.S Dollar,US Gallon,2025-08-02
Oklahoma,OK,Lawton,2.683,3.062,3.356,3.362,U.S Dollar,US Gallon,2025-08-02
Oklahoma,OK,Le Flore-Sequoyah,2.791,3.189,3.538,3.343,U.S Dollar,US Gallon,2025-08-02
Oklahoma,OK,Oklahoma City,2.693,3.145,3.409,3.228,U.S Dollar,US Gallon,2025-08-02
Oklahoma,OK,Tulsa,2.757,3.071,3.354,3.448,U.S Dollar,US Gallon,2025-08-02
Oregon,OR,Albany,3.915,4.134,4.452,4.432,U.S Dollar,US Gallon,2025-08-02
Oregon,OR,Bend,3.81,3.982,4.283,4.442,U.S Dollar,US Gallon,2025-08-02
Oregon,OR,Corvallis,3.908,4.116,4.304,4.427,U.S Dollar,US Gallon,2025-08-02
Oregon,OR,Eugene-Springfield,3.903,4.107,4.336,4.474,U.S Dollar,US Gallon,2025-08-02
Oregon,OR,Grants Pass,4.103,4.275,4.468,4.652,U.S Dollar,US Gallon,2025-08-02
Oregon,OR,Medford-Ashland,4.014,4.229,4.5,4.642,U.S Dollar,US Gallon,2025-08-02
Oregon,OR,Pendleton,3.799,4.054,4.335,4.34,U.S Dollar,US Gallon,2025-08-02
Oregon,OR,Portland-Vancouver (OR only),4.091,4.343,4.579,4.536,U.S Dollar,US Gallon,2025-08-02
Oregon,OR,Salem,3.881,4.083,4.388,4.462,U.S Dollar,US Gallon,2025-08-02
Pennsylvania,PA,Allentown-Bethlehem-Easton,3.156,3.609,3.983,3.959,U.S Dollar,US Gallon,2025-08-02
Pennsylvania,PA,Altoona,3.375,3.792,4.182,3.977,U.S Dollar,US Gallon,2025-08-02
Pennsylvania,PA,Bloomsburg-Berwick,3.114,3.55,3.971,3.969,U.S Dollar,US Gallon,2025-08-02
Pennsylvania,PA,Chambersburg-Waynesboro,3.182,3.613,3.965,3.992,U.S Dollar,US Gallon,2025-08-02
Pennsylvania,PA,East Stroudsburg,3.157,3.638,3.988,3.934,U.S Dollar,US Gallon,2025-08-02
Pennsylvania,PA,Erie,3.38,3.786,4.244,4.141,U.S Dollar,US Gallon,2025-08-02
Pennsylvania,PA,Gettysburg,3.207,3.618,4.075,4.066,U.S Dollar,US Gallon,2025-08-02
Pennsylvania,PA,Harrisburg,3.174,3.596,3.975,4.037,U.S Dollar,US Gallon,2025-08-02
Pennsylvania,PA,Johnstown,3.353,3.741,4.159,4.042,U.S Dollar,US Gallon,2025-08-02
Pennsylvania,PA,Lancaster,3.145,3.556,3.967,4.024,U.S Dollar,US Gallon,2025-08-02
Pennsylvania,PA,Lebanon,3.155,3.598,4.003,4.052,U.S Dollar,US Gallon,2025-08-02
Pennsylvania,PA,Mercer County,3.435,3.938,4.343,4.108,U.S Dollar,US Gallon,2025-08-02
Pennsylvania,PA,Philadelphia (PA only),3.227,3.726,3.997,3.981,U.S Dollar,US Gallon,2025-08-02
Pennsylvania,PA,Pittsburgh,3.385,3.828,4.251,4.092,U.S Dollar,US Gallon,2025-08-02
Pennsylvania,PA,Reading,3.227,3.63,3.978,3.968,U.S Dollar,US Gallon,2025-08-02
Pennsylvania,PA,Scranton--Wilkes-Barre--Hazleton,3.165,3.588,3.986,4.028,U.S Dollar,US Gallon,2025-08-02
Pennsylvania,PA,State College,3.345,3.765,4.197,4.053,U.S Dollar,US Gallon,2025-08-02
Pennsylvania,PA,Williamsport,3.08,3.468,3.891,3.892,U.S Dollar,US Gallon,2025-08-02
Pennsylvania,PA,York,3.28,3.677,4.063,4.068,U.S Dollar,US Gallon,2025-08-02
Rhode Island,RI,Providence-Fall River-Warwick (RI only),3.043,3.769,4.149,3.822,U.S Dollar,US Gallon,2025-08-02
South Carolina,SC,Aiken-Edgfield County,2.813,3.29,3.692,3.45,U.S Dollar,US Gallon,2025-08-02
South Carolina,SC,Charleston-North Charleston,2.813,3.27,3.639,3.523,U.S Dollar,US Gallon,2025-08-02
South Carolina,SC,Columbia,2.874,3.342,3.732,3.486,U.S Dollar,US Gallon,2025-08-02
South Carolina,SC,Florence,2.741,3.244,3.632,3.496,U.S Dollar,US Gallon,2025-08-02
South Carolina,SC,Greenville,2.789,3.201,3.536,3.422,U.S Dollar,US Gallon,2025-08-02
South Carolina,SC,Hilton Head-Bluffton,2.841,3.313,3.76,3.611,U.S Dollar,US Gallon,2025-08-02
South Carolina,SC,Myrtle Beach,2.733,3.186,3.6,3.42,U.S Dollar,US Gallon,2025-08-02
South Carolina,SC,Rock Hill,2.82,3.294,3.622,3.52,U.S Dollar,US Gallon,2025-08-02
South Carolina,SC,Spartanburg,2.818,3.314,3.662,3.459,U.S Dollar,US Gallon,2025-08-02
South Carolina,SC,Sumter,2.824,3.299,3.666,3.517,U.S Dollar,US Gallon,2025-08-02
South Dakota,SD,North Sioux City,2.942,3.099,4.062,3.333,U.S Dollar,US Gallon,2025-08-02
South Dakota,SD,Rapid City,3.214,3.358,3.808,3.542,U.S Dollar,US Gallon,2025-08-02
South Dakota,SD,Sioux Falls,2.998,3.405,3.842,3.321,U.S Dollar,US Gallon,2025-08-02
Tennessee,TN,Chattanooga (TN only),2.648,3.069,3.449,3.257,U.S Dollar,US Gallon,2025-08-02
Tennessee,TN,Clarksville-Hopkinsville (TN only),2.724,3.175,3.543,3.423,U.S Dollar,US Gallon,2025-08-02
Tennessee,TN,Cleveland,2.649,3.15,3.502,3.427,U.S Dollar,US Gallon,2025-08-02
Tennessee,TN,Jackson,2.8,3.282,3.639,3.571,U.S Dollar,US Gallon,2025-08-02
Tennessee,TN,Johnson City,2.825,3.318,3.678,3.479,U.S Dollar,US Gallon,2025-08-02
Tennessee,TN,Kingsport-Bristol,2.699,3.126,3.5,3.357,U.S Dollar,US Gallon,2025-08-02
Tennessee,TN,Knoxville,2.75,3.185,3.599,3.386,U.S Dollar,US Gallon,2025-08-02
Tennessee,TN,Memphis (TN only),2.814,3.376,3.782,3.527,U.S Dollar,US Gallon,2025-08-02
Tennessee,TN,Morristown,2.697,3.134,3.502,3.436,U.S Dollar,US Gallon,2025-08-02
Tennessee,TN,Nashville,2.788,3.259,3.656,3.522,U.S Dollar,US Gallon,2025-08-02
Texas,TX,Abilene,2.685,3.033,3.312,3.263,U.S Dollar,US Gallon,2025-08-02
Texas,TX,Amarillo,2.649,2.995,3.343,3.221,U.S Dollar,US Gallon,2025-08-02
Texas,TX,Austin-San Marcos,2.818,3.307,3.664,3.308,U.S Dollar,US Gallon,2025-08-02
Texas,TX,Beaumont-Port Arthur,2.726,3.192,3.6,3.22,U.S Dollar,US Gallon,2025-08-02
Texas,TX,Brownsville-Harlingen,2.566,2.996,3.347,3.174,U.S Dollar,US Gallon,2025-08-02
Texas,TX,College Station-Bryan,2.724,3.21,3.549,3.262,U.S Dollar,US Gallon,2025-08-02
Texas,TX,Corpus Christi,2.609,3.058,3.395,3.107,U.S Dollar,US Gallon,2025-08-02
Texas,TX,Dallas,2.833,3.252,3.587,3.357,U.S Dollar,US Gallon,2025-08-02
Texas,TX,El Paso,2.984,3.445,3.767,3.362,U.S Dollar,US Gallon,2025-08-02
Texas,TX,Fort Worth-Arlington,2.838,3.249,3.581,3.337,U.S Dollar,US Gallon,2025-08-02
Texas,TX,Galveston-Texas City,2.77,3.305,3.669,3.274,U.S Dollar,US Gallon,2025-08-02
Texas,TX,Houston,2.719,3.316,3.716,3.201,U.S Dollar,US Gallon,2025-08-02
Texas,TX,Killeen-Temple-Fort Hood,2.714,3.107,3.415,3.286,U.S Dollar,US Gallon,2025-08-02
Texas,TX,Laredo,2.573,3.035,3.396,3.18,U.S Dollar,US Gallon,2025-08-02
Texas,TX,Longview,2.765,3.219,3.541,3.26,U.S Dollar,US Gallon,2025-08-02
Texas,TX,Lubbock,2.634,3.027,3.328,3.194,U.S Dollar,US Gallon,2025-08-02
Texas,TX,McAllen-Edinburg-Mission,2.546,2.988,3.353,3.124,U.S Dollar,US Gallon,2025-08-02
Texas,TX,Midland,2.732,3.266,3.536,3.295,U.S Dollar,US Gallon,2025-08-02
Texas,TX,Odessa,2.73,3.25,3.533,3.345,U.S Dollar,US Gallon,2025-08-02
Texas,TX,San Angelo,2.721,3.209,3.447,3.316,U.S Dollar,US Gallon,2025-08-02
Texas,TX,San Antonio,2.795,3.272,3.618,3.286,U.S Dollar,US Gallon,2025-08-02
Texas,TX,Sherman-Denison,2.733,3.093,3.427,3.283,U.S Dollar,US Gallon,2025-08-02
Texas,TX,Texarkana (TX only),2.767,3.203,3.583,3.304,U.S Dollar,US Gallon,2025-08-02
Texas,TX,Tyler,2.67,3.066,3.418,3.196,U.S Dollar,US Gallon,2025-08-02
Texas,TX,Victoria,2.684,3.079,3.42,3.184,U.S Dollar,US Gallon,2025-08-02
Texas,TX,Waco,2.719,3.149,3.473,3.317,U.S Dollar,US Gallon,2025-08-02
Texas,TX,Wichita Falls,2.655,3.04,3.359,3.303,U.S Dollar,US Gallon,2025-08-02
Utah,UT,Logan,3.341,3.618,3.842,3.749,U.S Dollar,US Gallon,2025-08-02
Utah,UT,Ogden,3.316,3.615,3.857,3.691,U.S Dollar,US Gallon,2025-08-02
Utah,UT,Provo-Orem,3.331,3.605,3.84,3.715,U.S Dollar,US Gallon,2025-08-02
Utah,UT,Salt Lake City,3.344,3.625,3.866,3.73,U.S Dollar,US Gallon,2025-08-02
Utah,UT,St. George,3.415,3.659,3.891,3.715,U.S Dollar,US Gallon,2025-08-02
Virginia,VA,Blacksburg-Christiansburg-Radford,3.02,3.461,3.875,3.594,U.S Dollar,US Gallon,2025-08-02
Virginia,VA,Bristol-Scott-Washington,2.936,3.373,3.725,3.581,U.S Dollar,US Gallon,2025-08-02
Virginia,VA,Charlottesville,3.106,3.554,3.934,3.737,U.S Dollar,US Gallon,2025-08-02
Virginia,VA,Fredericksburg,3.139,3.572,3.9,3.766,U.S Dollar,US Gallon,2025-08-02
Virginia,VA,Harrisonburg,3.05,3.465,3.829,3.598,U.S Dollar,US Gallon,2025-08-02
Virginia,VA,Lynchburg,2.987,3.425,3.828,3.594,U.S Dollar,US Gallon,2025-08-02
Virginia,VA,Norfolk-Virginia Beach-Newport News,3.143,3.577,3.948,3.69,U.S Dollar,US Gallon,2025-08-02
Virginia,VA,Richmond-Petersburg,3.101,3.593,3.944,3.705,U.S Dollar,US Gallon,2025-08-02
Virginia,VA,Roanoke,2.979,3.43,3.807,3.6,U.S Dollar,US Gallon,2025-08-02
Virginia,VA,Staunton-Waynesboro,3.042,3.501,3.9,3.686,U.S Dollar,US Gallon,2025-08-02
Virginia,VA,"Washington, DC, (VA Only)",3.154,3.679,4.036,3.788,U.S Dollar,US Gallon,2025-08-02
Virginia,VA,Winchester,3.078,3.401,3.806,3.686,U.S Dollar,US Gallon,2025-08-02
Vermont,VT,Burlington,3.155,3.712,4.121,3.851,U.S Dollar,US Gallon,2025-08-02
Washington,WA,Bellingham,4.277,4.622,4.876,4.939,U.S Dollar,US Gallon,2025-08-02
Washington,WA,Bremerton,4.495,4.744,4.978,5.096,U.S Dollar,US Gallon,2025-08-02
Washington,WA,Clarkson,3.692,0.0,4.059,4.685,U.S Dollar,US Gallon,2025-08-02
Washington,WA,Longview,4.321,4.546,4.783,5.08,U.S Dollar,US Gallon,2025-08-02
Washington,WA,Mount Vernon-Anacortes,4.221,4.465,4.63,4.901,U.S Dollar,US Gallon,2025-08-02
Washington,WA,Olympia,4.378,4.639,4.829,5.146,U.S Dollar,US Gallon,2025-08-02
Washington,WA,Richland-Kennewick-Pasco,4.167,4.402,4.652,4.999,U.S Dollar,US Gallon,2025-08-02
Washington,WA,Seattle-Bellevue-Everett,4.579,4.845,5.063,5.163,U.S Dollar,US Gallon,2025-08-02
Washington,WA,Spokane,4.001,4.249,4.488,4.933,U.S Dollar,US Gallon,2025-08-02
Washington,WA,Tacoma,4.435,4.654,4.948,5.114,U.S Dollar,US Gallon,2025-08-02
Washington,WA,Vancouver,4.355,4.626,4.841,4.977,U.S Dollar,US Gallon,2025-08-02
Washington,WA,Walla Walla,4.418,4.68,4.953,5.035,U.S Dollar,US Gallon,2025-08-02
Washington,WA,Wenatchee,4.306,4.491,4.748,5.065,U.S Dollar,US Gallon,2025-08-02
Washington,WA,Yakima,4.109,4.418,4.635,4.883,U.S Dollar,US Gallon,2025-08-02
Wisconsin,WI,Appleton,2.88,3.376,3.873,3.467,U.S Dollar,US Gallon,2025-08-02
Wisconsin,WI,Eau Claire,2.909,3.266,3.808,3.533,U.S Dollar,US Gallon,2025-08-02
Wisconsin,WI,Fond du Lac,2.939,3.406,4.032,3.521,U.S Dollar,US Gallon,2025-08-02
Wisconsin,WI,Green Bay,2.918,3.437,3.952,3.558,U.S Dollar,US Gallon,2025-08-02
Wisconsin,WI,Janesville-Beloit,2.912,3.39,3.883,3.518,U.S Dollar,US Gallon,2025-08-02
Wisconsin,WI,Kenosha County,2.977,3.537,4.016,3.527,U.S Dollar,US Gallon,2025-08-02
Wisconsin,WI,La Crosse (WI only),3.012,3.099,4.024,3.692,U.S Dollar,US Gallon,2025-08-02
Wisconsin,WI,Madison,2.946,3.536,4.005,3.514,U.S Dollar,US Gallon,2025-08-02
Wisconsin,WI,Milwaukee-Waukesha,2.963,3.471,3.957,3.468,U.S Dollar,US Gallon,2025-08-02
Wisconsin,WI,Oshkosh,2.924,3.436,3.935,3.447,U.S Dollar,US Gallon,2025-08-02
Wisconsin,WI,Pierce -St. Croix County,2.998,3.463,3.948,3.642,U.S Dollar,US Gallon,2025-08-02
Wisconsin,WI,Racine,2.947,3.449,3.953,3.588,U.S Dollar,US Gallon,2025-08-02
Wisconsin,WI,Sheboygan,2.943,3.489,4.011,3.475,U.S Dollar,US Gallon,2025-08-02
Wisconsin,WI,Superior,3.032,3.482,4.049,3.86,U.S Dollar,US Gallon,2025-08-02
Wisconsin,WI,Wausau,2.948,3.581,3.953,3.566,U.S Dollar,US Gallon,2025-08-02
West Virginia,WV,Beckley,3.121,3.58,4.011,3.632,U.S Dollar,US Gallon,2025-08-02
West Virginia,WV,Charleston,3.036,3.5,3.974,3.499,U.S Dollar,US Gallon,2025-08-02
West Virginia,WV,Hampshire County,3.274,3.698,4.099,3.582,U.S Dollar,US Gallon,2025-08-02
West Virginia,WV,Huntington,3.005,3.403,3.844,3.672,U.S Dollar,US Gallon,2025-08-02
West Virginia,WV,Jefferson County,3.012,3.439,3.836,3.578,U.S Dollar,US Gallon,2025-08-02
West Virginia,WV,Mineral County,3.06,3.169,3.749,3.625,U.S Dollar,US Gallon,2025-08-02
West Virginia,WV,Morgantown,3.077,3.509,3.983,3.601,U.S Dollar,US Gallon,2025-08-02
West Virginia,WV,Parkersburg-Marietta (WV only),2.956,3.411,3.844,3.577,U.S Dollar,US Gallon,2025-08-02
West Virginia,WV,Steubenville-Weirton (WV only),3.049,3.54,3.992,3.665,U.S Dollar,US Gallon,2025-08-02
West Virginia,WV,"Washington, DC (WV Only)",3.056,3.438,3.848,3.757,U.S Dollar,US Gallon,2025-08-02
West Virginia,WV,Wheeling (WV only),2.93,3.352,3.774,3.524,U.S Dollar,US Gallon,2025-08-02
Wyoming,WY,Casper,2.712,3.078,3.41,3.437,U.S Dollar,US Gallon,2025-08-02
Wyoming,WY,Cheyenne,2.851,3.164,3.442,3.505,U.S Dollar,US Gallon,2025-08-02
